{
  "NBU": {
    "USDRateBuy": 39.34299850463867,
    "USDRateSell": 39.34299850463867,
    "EURRateBuy": 42.69110107421875,
    "EURRateSell": 42.69110107421875
  },
  "PrivatBank": {
    "USDRateBuy": 38.79999923706055,
    "USDRateSell": 39.400001525878906,
    "EURRateBuy": 42.0,
    "EURRateSell": 43.0
  },
  "MonoBank": {
    "USDRateBuy": 39.04999923706055,
    "USDRateSell": 39.35919952392578,
    "EURRateBuy": 42.2400016784668,
    "EURRateSell": 42.83940124511719
  }
}