{
  "NBU": {
    "USDRateBuy": 38.907501220703125,
    "USDRateSell": 38.907501220703125,
    "EURRateBuy": 42.12519836425781,
    "EURRateSell": 42.12519836425781
  },
  "PrivatBank": {
    "USDRateBuy": 38.79999923706055,
    "USDRateSell": 39.400001525878906,
    "EURRateBuy": 41.900001525878906,
    "EURRateSell": 42.900001525878906
  },
  "MonoBank": {
    "USDRateBuy": 38.91999816894531,
    "USDRateSell": 39.34989929199219,
    "EURRateBuy": 42.099998474121094,
    "EURRateSell": 42.800899505615234
  }
}